{
    "openapi": "3.0.0",
    "info": {
        "title": "Document Understanding Service",
        "version": "1.0.0"
    },
    "servers": [
        {
            "url": "vb-catalog://backends/DocumentUnderstandingService"
        }
    ],
    "paths": {
        "/processorJobs": {
            "post": {
                "operationId": "createDocProcessorJob",
                "responses": {},
                "x-vb": {
                    "actionHint": "create"
                }
            }
        }
    }
}