{
    "imageObjects": [
        {
            "name": "Truck",
            "confidence": 0.966826,
            "boundingPolygon": {
                "normalizedVertices": [
                    {
                        "x": 0.602810650887574,
                        "y": 0.7085526315789473
                    },
                    {
                        "x": 0.808801775147929,
                        "y": 0.7085526315789473
                    },
                    {
                        "x": 0.808801775147929,
                        "y": 0.9473684210526315
                    },
                    {
                        "x": 0.602810650887574,
                        "y": 0.9473684210526315
                    }
                ]
            }
        },
        {
            "name": "Car",
            "confidence": 0.9627819,
            "boundingPolygon": {
                "normalizedVertices": [
                    {
                        "x": 0.41531065088757396,
                        "y": 0.7651315789473684
                    },
                    {
                        "x": 0.4334319526627219,
                        "y": 0.7651315789473684
                    },
                    {
                        "x": 0.4334319526627219,
                        "y": 0.7861842105263158
                    },
                    {
                        "x": 0.41531065088757396,
                        "y": 0.7861842105263158
                    }
                ]
            }
        },
        {
            "name": "Traffic Light",
            "confidence": 0.9559079,
            "boundingPolygon": {
                "normalizedVertices": [
                    {
                        "x": 0.5650887573964497,
                        "y": 0.5684210526315789
                    },
                    {
                        "x": 0.5747041420118343,
                        "y": 0.5684210526315789
                    },
                    {
                        "x": 0.5747041420118343,
                        "y": 0.6105263157894737
                    },
                    {
                        "x": 0.5650887573964497,
                        "y": 0.6105263157894737
                    }
                ]
            }
        },
        {
            "name": "Car",
            "confidence": 0.95343405,
            "boundingPolygon": {
                "normalizedVertices": [
                    {
                        "x": 0.45968934911242604,
                        "y": 0.7605263157894737
                    },
                    {
                        "x": 0.4870562130177515,
                        "y": 0.7605263157894737
                    },
                    {
                        "x": 0.4870562130177515,
                        "y": 0.7881578947368421
                    },
                    {
                        "x": 0.45968934911242604,
                        "y": 0.7881578947368421
                    }
                ]
            }
        },
        {
            "name": "Kite",
            "confidence": 0.9504916,
            "boundingPolygon": {
                "normalizedVertices": [
                    {
                        "x": 0.9426775147928994,
                        "y": 0.11842105263157894
                    },
                    {
                        "x": 0.9800295857988166,
                        "y": 0.11842105263157894
                    },
                    {
                        "x": 0.9800295857988166,
                        "y": 0.23289473684210527
                    },
                    {
                        "x": 0.9426775147928994,
                        "y": 0.23289473684210527
                    }
                ]
            }
        },
        {
            "name": "Car",
            "confidence": 0.9037651,
            "boundingPolygon": {
                "normalizedVertices": [
                    {
                        "x": 0.6013313609467456,
                        "y": 0.7072368421052632
                    },
                    {
                        "x": 0.8091715976331361,
                        "y": 0.7072368421052632
                    },
                    {
                        "x": 0.8091715976331361,
                        "y": 0.9480263157894737
                    },
                    {
                        "x": 0.6013313609467456,
                        "y": 0.9480263157894737
                    }
                ]
            }
        },
        {
            "name": "Traffic Light",
            "confidence": 0.8894107,
            "boundingPolygon": {
                "normalizedVertices": [
                    {
                        "x": 0.6812130177514792,
                        "y": 0.656578947368421
                    },
                    {
                        "x": 0.6915680473372781,
                        "y": 0.656578947368421
                    },
                    {
                        "x": 0.6915680473372781,
                        "y": 0.6960526315789474
                    },
                    {
                        "x": 0.6812130177514792,
                        "y": 0.6960526315789474
                    }
                ]
            }
        },
        {
            "name": "Traffic Light",
            "confidence": 0.88558644,
            "boundingPolygon": {
                "normalizedVertices": [
                    {
                        "x": 0.5943047337278107,
                        "y": 0.5756578947368421
                    },
                    {
                        "x": 0.603180473372781,
                        "y": 0.5756578947368421
                    },
                    {
                        "x": 0.603180473372781,
                        "y": 0.6131578947368421
                    },
                    {
                        "x": 0.5943047337278107,
                        "y": 0.6131578947368421
                    }
                ]
            }
        },
        {
            "name": "Car",
            "confidence": 0.88374454,
            "boundingPolygon": {
                "normalizedVertices": [
                    {
                        "x": 0.4460059171597633,
                        "y": 0.7578947368421053
                    },
                    {
                        "x": 0.45968934911242604,
                        "y": 0.7578947368421053
                    },
                    {
                        "x": 0.45968934911242604,
                        "y": 0.781578947368421
                    },
                    {
                        "x": 0.4460059171597633,
                        "y": 0.781578947368421
                    }
                ]
            }
        },
        {
            "name": "Street light",
            "confidence": 0.8262807,
            "boundingPolygon": {
                "normalizedVertices": [
                    {
                        "x": 0.11168639053254438,
                        "y": 0.35657894736842105
                    },
                    {
                        "x": 0.1819526627218935,
                        "y": 0.35657894736842105
                    },
                    {
                        "x": 0.1819526627218935,
                        "y": 0.8401315789473685
                    },
                    {
                        "x": 0.11168639053254438,
                        "y": 0.8401315789473685
                    }
                ]
            }
        }
    ],
    "labels": null,
    "ontologyClasses": [
        {
            "name": "Car",
            "parentNames": [
                "Land vehicle"
            ],
            "synonymNames": []
        },
        {
            "name": "Traffic Light",
            "parentNames": [
                "Light"
            ],
            "synonymNames": []
        },
        {
            "name": "Truck",
            "parentNames": [
                "Land vehicle"
            ],
            "synonymNames": []
        },
        {
            "name": "Kite",
            "parentNames": [
                "Toy"
            ],
            "synonymNames": []
        },
        {
            "name": "Street light",
            "parentNames": [],
            "synonymNames": []
        },
        {
            "name": "Land vehicle",
            "parentNames": [
                "Vehicle"
            ],
            "synonymNames": []
        },
        {
            "name": "Light",
            "parentNames": [],
            "synonymNames": []
        },
        {
            "name": "Toy",
            "parentNames": [],
            "synonymNames": []
        },
        {
            "name": "Vehicle",
            "parentNames": [
                "Transportation"
            ],
            "synonymNames": []
        },
        {
            "name": "Transportation",
            "parentNames": [],
            "synonymNames": []
        }
    ],
    "imageText": null,
    "objectProposals": null,
    "detectedFaces": null,
    "imageClassificationModelVersion": null,
    "objectDetectionModelVersion": "1.3.557",
    "textDetectionModelVersion": null,
    "objectProposalModelVersion": null,
    "faceDetectionModelVersion": null,
    "errors": []
}