{
    "openapi": "3.0.0",
    "info": {
        "title": "Object Storage Service",
        "version": "1.0.0"
    },
    "servers": [
        {
            "url": "vb-catalog://backends/ObjectStorageService"
        }
    ],
    "paths": {
        "/n/{namespaceName}/b/{bucketName}/o/{objectName}": {
            "parameters": [
                {
                    "name": "namespaceName",
                    "in": "path",
                    "required": true,
                    "schema": {
                        "type": "string"
                    }
                },
                {
                    "name": "bucketName",
                    "in": "path",
                    "required": true,
                    "schema": {
                        "type": "string"
                    }
                },
                {
                    "name": "objectName",
                    "in": "path",
                    "required": true,
                    "schema": {
                        "type": "string"
                    }
                }
            ],
            "put": {
                "operationId": "uploadFile",
                "responses": {},
                "x-vb": {
                    "actionHint": "create"
                }
            }
        },
        "/n/{namespaceName}/b/{bucketName}/o/result/{jobId}/{namespace_bucket}/results/{fileName}": {
            "parameters": [
                {
                    "name": "namespaceName",
                    "in": "path",
                    "required": true,
                    "schema": {
                        "type": "string"
                    }
                },
                {
                    "name": "bucketName",
                    "in": "path",
                    "required": true,
                    "schema": {
                        "type": "string"
                    }
                },
                {
                    "name": "jobId",
                    "in": "path",
                    "required": true,
                    "schema": {
                        "type": "string"
                    }
                },
                {
                    "name": "namespace_bucket",
                    "in": "path",
                    "required": true,
                    "schema": {
                        "type": "string"
                    }
                },
                {
                    "name": "fileName",
                    "in": "path",
                    "required": true,
                    "schema": {
                        "type": "string"
                    }
                }
            ],
            "get": {
                "operationId": "getFile",
                "parameters": [],
                "responses": {},
                "x-vb": {
                    "actionHint": "getOne",
                    "queryParameters": {
                        "httpResponseContentType": "application/json"
                    }
                }
            }
        }
    }
}