{
  "title": "Document Understanding",
  "description": "",
  "variables": {
    "bucketName": {
      "type": "string",
      "defaultValue": "ai_ml_practice_bucket"
    },
    "compartmentId": {
      "type": "string",
      "defaultValue": "ocid1.compartment.oc1..aaaaaaaagy2ozkab5u5mlvwmllefpbtld6m6ddbeizxzwdi2ufdopts2rwxq"
    },
    "currRow": {
      "type": "LineItems"
    },
    "holdImage": {
      "type": "any"
    },
    "imageURL": {
      "type": "string"
    },
    "InvoiceDetailsVar": {
      "type": "InvoiceDetailsType"
    },
    "LineItemsADP": {
      "type": "vb/ArrayDataProvider2",
      "defaultValue": {
        "itemType": "LineItems",
        "keyAttributes": "ProductCode"
      }
    },
    "namespaceName": {
      "type": "string",
      "defaultValue": "orasenatdoracledigital01"
    },
    "progressMsgVar": {
      "type": "string",
      "defaultValue": "Processing"
    }

  },
  "metadata": {},
  "types": {
    "InvoiceDetailsType": {
      "BillingAddress": "string",
      "BillingAddressRecipient": "string",
      "CustomerAddress": "string",
      "CustomerAddressRecipient": "string",
      "CustomerTaxId": "string",
      "InvoiceDate": "any",
      "InvoiceId": "string",
      "InvoiceTotal": "number",
      "LineItems": "LineItems[]",
      "SubTotal": "number",
      "TotalTax": "number",
      "VendorAddress": "string",
      "VendorName": "string",
      "VendorNameLogo": "string",
      "VendorTaxId": "string"

    },
    "LineItems": {
        "Amount": "number",
        "Description": "string",
        "ProductCode": "string",
        "Quantity": "number",
        "Unit": "string",
        "UnitPrice": "number"
      }
  },
  "eventListeners": {
    "btnAction": {
      "chains": [
        {
          "chain": "SubmitInvoiceActionChain"
        }
      ]
    },
    "cameraFilePickerSelect": {
      "chains": [
        {
          "chain": "CameraFilePickerSelectChain",
          "parameters": {
            "files": "[[ Array.prototype.slice.call($event.detail.files) ]]"
          }
        }
      ]
    },
    "tableBeforeRowEdit": {
      "chains": [
        {
          "chain": "TableBeforeRowEditChain",
          "parameters": {
            "rowKey": "{{$event.detail.rowContext.status.rowKey}}",
            "rowIndex": "{{$event.detail.rowContext.status.rowIndex}}",
            "rowData": "{{$event.detail.rowContext.componentElement.getDataForVisibleRow($event.detail.rowContext.status.rowIndex).data}}"
          }
        }
      ]
    },
    "toggleDrawer": {
      "chains": [
        {
          "chain": "application:toggleDrawerHandler"
        }
      ]
    }

  },
  "imports": {
    "components": {
      "oj-button": {
        "path": "ojs/ojbutton"
      },
      "oj-dialog": {
        "path": "ojs/ojdialog"
      },
      "oj-drawer-layout": {
        "path": "ojs/ojdrawerlayout"
      },
      "oj-file-picker": {
        "path": "ojs/ojfilepicker"
      },
      "oj-form-layout": {
        "path": "ojs/ojformlayout"
      },
      "oj-input-date": {
        "path": "ojs/ojdatetimepicker"
      },
      "oj-input-number": {
        "path": "ojs/ojinputnumber"
      },
      "oj-input-text": {
        "path": "ojs/ojinputtext"
      },
      "oj-progress-bar": {
        "path": "ojs/ojprogress-bar"
      },
      "oj-table": {
        "path": "ojs/ojtable"
      }

    }
  }
}