{
    "openapi": "3.0.0",
    "info": {
        "title": "Vision Aiservice Us Ashburn 1 Oci Oraclecloud Com",
        "version": "1.0.0"
    },
    "servers": [
        {
            "url": "https://vision.aiservice.us-ashburn-1.oci.oraclecloud.com/20220125/actions",
            "description": "Vision Aiservice Us Ashburn 1 Oci Oraclecloud Com",
            "x-vb": {
                "authentication": {
                    "authenticated": {
                        "type": "http_signature_oci",
                        "credentials": "vb_707448fa-db92-4882-99ca-b757d5e7d454"
                    }
                }
            }
        }
    ],
    "paths": {
        "/analyzeImage": {
            "post": {
                "operationId": "postAnalyzeImage",
                "requestBody": {
                    "content": {
                        "application/json": {
                            "schema": {
                                "$ref": "#/components/schemas/PostAnalyzeImageRequest"
                            },
                            "examples": {
                                "vb": {
                                    "externalValue": "./examples/postAnalyzeImage/request_application_json_vb.json",
                                    "summary": "Example stored by VB User"
                                }
                            }
                        }
                    }
                },
                "responses": {
                    "default": {
                        "description": "Response for default",
                        "content": {
                            "application/json": {
                                "schema": {
                                    "$ref": "#/components/schemas/PostAnalyzeImageResponse"
                                },
                                "examples": {
                                    "vb": {
                                        "summary": "Example stored by VB User",
                                        "externalValue": "./examples/postAnalyzeImage/response_default_application_json_vb.json"
                                    }
                                }
                            }
                        }
                    }
               },
                "x-vb": {
                    "actionHint": "getMany"
                }
            }
        }
    },
    "components": {
        "schemas": {
            "PostAnalyzeImageRequest": {
                "type": "object",
                "properties": {
                    "compartmentId": {
                        "type": "string"
                    },
                    "image": {
                        "type": "object",
                        "properties": {
                            "source": {
                                "type": "string"
                            },
                            "data": {
                                "type": "string"
                            }
                        }
                    },
                    "features": {
                        "type": "array",
                        "items": {
                            "type": "object",
                            "properties": {
                                "featureType": {
                                    "type": "string"
                                },
                                "maxResults": {
                                    "type": "integer"
                                }
                            }
                        }
                    }
                }
            },
            "PostAnalyzeImageResponse": {
                "type": "object",
                "properties": {
                    "imageObjects": {
                        "type": "array",
                        "items": {
                            "type": "object",
                            "properties": {
                                "name": {
                                    "type": "string"
                                },
                                "confidence": {
                                    "type": "number"
                                },
                                "boundingPolygon": {
                                    "type": "object",
                                    "properties": {
                                        "normalizedVertices": {
                                            "type": "array",
                                            "items": {
                                                "type": "object",
                                                "properties": {
                                                    "x": {
                                                        "type": "number"
                                                    },
                                                    "y": {
                                                        "type": "number"
                                                    }
                                                }
                                            }
                                        }
                                    }
                                }
                            }
                        }
                    },
                    "labels": {
                        "nullable": true
                    },
                    "ontologyClasses": {
                        "type": "array",
                        "items": {
                            "type": "object",
                            "properties": {
                                "name": {
                                    "type": "string"
                                },
                                "parentNames": {
                                    "type": "array",
                                    "items": {
                                        "type": "string"
                                    }
                                },
                                "synonymNames": {
                                    "type": "array",
                                    "items": {}
                                }
                            }
                        }
                    },
                    "imageText": {
                        "nullable": true
                    },
                    "objectProposals": {
                        "nullable": true
                    },
                    "detectedFaces": {
                        "nullable": true
                    },
                    "imageClassificationModelVersion": {
                        "nullable": true
                    },
                    "objectDetectionModelVersion": {
                        "type": "string"
                    },
                    "textDetectionModelVersion": {
                        "nullable": true
                    },
                    "objectProposalModelVersion": {
                        "nullable": true
                    },
                    "faceDetectionModelVersion": {
                        "nullable": true
                    },
                    "errors": {
                        "type": "array",
                        "items": {}
                    }
                }
            }
        }
    }
}