{
    "backends": {
        "ObjectStorageService": {
            "servers": [
                {
                    "url": "https://objectstorage.us-ashburn-1.oraclecloud.com",
                    "description": "Objectstorage Us Ashburn 1 Oraclecloud Com",
                    "x-vb": {
                        "authentication": {
                            "authenticated": {
                                "type": "http_signature_oci",
                                "credentials": "vb_f5303408-ec86-4079-970a-db7495d8b19a"
                            }
                        }
                    }
                }
            ]
        },
        "DocumentUnderstandingService": {
            "servers": [
                {
                    "url": "https://document.aiservice.us-ashburn-1.oci.oraclecloud.com/20221109",
                    "description": "20221109",
                    "x-vb": {
                        "authentication": {
                            "authenticated": {
                                "type": "http_signature_oci",
                                "credentials": "vb_50e012ed-3e95-4eec-959f-34d571a2895f"
                            }
                        }
                    }
                }
            ]
        }
      }
}