{

  "title": "",
  "description": "",
  "variables": {
    "analyzeImageServiceResponseADPVar": {
      "type": "vb/ArrayDataProvider2",
      "defaultValue": {
        "itemType": "analyzeImageServiceResponseType",
        "keyAttributes": "object"
      }
    },
    "progressVar": {
      "type": "number",
      "defaultValue": 100
    },
    "uploadedImage": {
      "type": "any"
    }

  },
  "metadata": {},
  "types": {
    "@decorators.analyzeImageServiceResponseType": {
      "endpoint": "postPOC_IMAGE_RECOGNITIO1_0AnalyzeImage",
      "service": "ics",
      "path": "response"
    },
    "analyzeImageServiceResponseType": {
      "count": "number",
      "object": "string"
    }
  },
  "chains": {},
  "eventListeners": {

    "filePickerSelect": {
      "chains": [
        {
          "chain": "ImagePickerChain",
          "parameters": {
            "files": "[[ Array.prototype.slice.call($event.detail.files) ]]"
          }

        }
      ]
    }
  },
  "imports": {
    "components": {
      "oj-button": {
        "path": "ojs/ojbutton"
      },
      "oj-file-picker": {
        "path": "ojs/ojfilepicker"
      },
      "oj-input-number": {
        "path": "ojs/ojinputnumber"
      },
      "oj-progress-bar": {
        "path": "ojs/ojprogress-bar"
      },
      "oj-rating-gauge": {
        "path": "ojs/ojgauge"
      },
      "oj-sp-general-overview-page": {
        "path": "oj-sp/general-overview-page/loader"
      },
      "oj-sp-image-card": {
        "path": "oj-sp/image-card/loader"
      },
      "oj-table": {
        "path": "ojs/ojtable"
      }
    },
    "modules": {
      "ojValidationNumber": {
        "path": "ojs/ojvalidation-number"
      }
    }
  }
}
