{
    "openapi": "3.0.0",
    "info": {
        "title": "ORDS generated API for Common",
        "version": "1.0.0"
    },
    "servers": [
        {
            "url": "https://nibjjc3eyra.us-ashburn-1.functions.oci.oraclecloud.com/20181201/functions/ocid1.fnfunc.oc1.iad.aaaaaaaa4yzqvxgflyxqn2mmehny5aheehqjfxbpvloqd7peezgnlbbtrdba/actions",
            "description": "20181201 Functions",
            "x-vb": {
                "authentication": {
                    "authenticated": {
                        "type": "http_signature_oci",
                        "credentials": "vb_afa53f3e-a8a2-4005-a2ef-429f612c98ae"
                    }
                }
            }
        }
    ],
    "paths": {
        "/invoke": {
            "post": {
                "operationId": "postInvoke",
                "requestBody": {
                    "content": {
                        "application/json": {
                            "examples": {
                                "vb": {
                                    "externalValue": "./examples/postInvoke/request_application_json_vb.json"
                                }
                            },
                            "schema": {
                                "$ref": "#/components/schemas/PostInvokeRequest"
                            }
                        }
                    }
                },
                "responses": {
                    "default": {
                        "description": "Response for default",
                        "content": {
                            "application/json": {
                                "schema": {
                                    "$ref": "#/components/schemas/PostInvokeResponse"
                                },
                                "examples": {
                                    "vb": {
                                        "summary": "Example stored by VB User",
                                        "externalValue": "./examples/postInvoke/response_default_application_json_vb.json"
                                    }
                                }
                            }
                        }
                    }
               },
                "x-vb": {
                    "headers": {
                        "content-type": "text/plain",
                        "Content-Length": "0"
                    },
                    "actionHint": "getOne"
                }
            }
        }
    },
    "components": {
        "schemas": {
            "PostInvokeRequest": {
                "type": "object",
                "properties": {
                    "name": {
                        "type": "string"
                    }
                }
            },
            "PostInvokeResponse": {
                "type": "object",
                "properties": {
                    "message": {
                        "type": "string"
                    }
                }
            }
        }
    }
}