{
    "openapi": "3.0.0",
    "info": {
        "version": "v01",
        "title": "POC_IMAGE_RECOGNITIO",
        "x-vb": {
            "serviceType": "ics"
        }
    },
    "servers": [
        {
            "url": "vb-catalog://backends/ics/ic/api/integration/v1/flows/rest"
        }
    ],
    "paths": {
        "/POC_IMAGE_RECOGNITIO/1.0/analyzeImage": {
            "post": {
                "tags": [
                    "com.ravi.vision.image/POC_IMAGE_RECOGNITIO|01.00.0000",
                    "com.ravi.vision.image"
                ],
                "operationId": "postPOC_IMAGE_RECOGNITIO1_0AnalyzeImage",
                "parameters": [],
                "requestBody": {
                    "content": {
                        "application/octet-stream": {
                            "schema": {
                                "$ref": "#/components/schemas/streamReference"
                            }
                        }
                    },
                    "required": false
                },
                "responses": {
                    "500": {
                        "description": "Faults",
                        "content": {
                            "application/json": {
                                "schema": {
                                    "$ref": "#/components/schemas/APIInvocationError"
                                }
                            }
                        }
                    },
                    "default": {
                        "description": "A sample description of the Response",
                        "content": {
                            "application/json": {
                                "schema": {
                                    "$ref": "#/components/schemas/response-wrapper"
                                }
                            }
                        }
                    }
                },
                "security": [
                    {
                        "oauth2Authentication": []
                    },
                    {
                        "basicAuthentication": []
                    }
                ]
            }
        }
    },
    "components": {
        "schemas": {
            "streamReference": {
                "type": "string"
            },
            "APIInvocationError": {
                "type": "object",
                "required": [
                    "detail",
                    "errorCode",
                    "errorDetails",
                    "title",
                    "type"
                ],
                "properties": {
                    "type": {
                        "type": "string"
                    },
                    "title": {
                        "type": "string"
                    },
                    "detail": {
                        "type": "string"
                    },
                    "errorCode": {
                        "type": "string"
                    },
                    "errorDetails": {
                        "type": "array",
                        "items": {
                            "type": "object",
                            "properties": {
                                "type": {
                                    "type": "string"
                                },
                                "instance": {
                                    "type": "string"
                                },
                                "title": {
                                    "type": "string"
                                },
                                "errorPath": {
                                    "type": "string"
                                },
                                "errorCode": {
                                    "type": "string"
                                }
                            },
                            "required": [
                                "errorCode",
                                "errorPath",
                                "instance",
                                "title",
                                "type"
                            ]
                        },
                        "minItems": 1
                    }
                }
            },
            "response-wrapper": {
                "type": "object",
                "required": [
                    "imageObjects"
                ],
                "properties": {
                    "imageObjects": {
                        "type": "array",
                        "items": {
                            "type": "object",
                            "properties": {
                                "name": {
                                    "type": "string"
                                },
                                "confidence": {
                                    "type": "number"
                                }
                            },
                            "required": [
                                "confidence",
                                "name"
                            ]
                        },
                        "minItems": 1
                    }
                }
            }
        }
    }
}